-- MySQL dump 10.13  Distrib 5.6.17, for Win64 (x86_64)
--
-- Host: localhost    Database: bank_db
-- ------------------------------------------------------
-- Server version	5.6.17

/*!40101 SET @OLD_CHARACTER_SET_CLIENT=@@CHARACTER_SET_CLIENT */;
/*!40101 SET @OLD_CHARACTER_SET_RESULTS=@@CHARACTER_SET_RESULTS */;
/*!40101 SET @OLD_COLLATION_CONNECTION=@@COLLATION_CONNECTION */;
/*!40101 SET NAMES utf8 */;
/*!40103 SET @OLD_TIME_ZONE=@@TIME_ZONE */;
/*!40103 SET TIME_ZONE='+00:00' */;
/*!40014 SET @OLD_UNIQUE_CHECKS=@@UNIQUE_CHECKS, UNIQUE_CHECKS=0 */;
/*!40014 SET @OLD_FOREIGN_KEY_CHECKS=@@FOREIGN_KEY_CHECKS, FOREIGN_KEY_CHECKS=0 */;
/*!40101 SET @OLD_SQL_MODE=@@SQL_MODE, SQL_MODE='NO_AUTO_VALUE_ON_ZERO' */;
/*!40111 SET @OLD_SQL_NOTES=@@SQL_NOTES, SQL_NOTES=0 */;

--
-- Table structure for table `accounts`
--

DROP TABLE IF EXISTS `accounts`;
/*!40101 SET @saved_cs_client     = @@character_set_client */;
/*!40101 SET character_set_client = utf8 */;
CREATE TABLE `accounts` (
  `ID` int(11) NOT NULL AUTO_INCREMENT,
  `USER` int(11) NOT NULL,
  `ACCOUNT_NUMBER` int(11) NOT NULL,
  `BALANCE` double NOT NULL DEFAULT '1000000',
  `DATE_CREATED` date NOT NULL,
  PRIMARY KEY (`ID`),
  UNIQUE KEY `ACCOUNT_NUMBER_UNIQUE` (`ACCOUNT_NUMBER`),
  KEY `FK_CLIENT_USER_idx` (`USER`),
  CONSTRAINT `FK_CLIENT_USER` FOREIGN KEY (`USER`) REFERENCES `users` (`ID`) ON DELETE NO ACTION ON UPDATE NO ACTION
) ENGINE=InnoDB AUTO_INCREMENT=4 DEFAULT CHARSET=latin1;
/*!40101 SET character_set_client = @saved_cs_client */;

--
-- Dumping data for table `accounts`
--

LOCK TABLES `accounts` WRITE;
/*!40000 ALTER TABLE `accounts` DISABLE KEYS */;
INSERT INTO `accounts` VALUES (1,7,1000000007,1000000,'2015-10-31'),(3,8,1000000008,1000000,'2015-11-01');
/*!40000 ALTER TABLE `accounts` ENABLE KEYS */;
UNLOCK TABLES;

--
-- Table structure for table `tans`
--

DROP TABLE IF EXISTS `tans`;
/*!40101 SET @saved_cs_client     = @@character_set_client */;
/*!40101 SET character_set_client = utf8 */;
CREATE TABLE `tans` (
  `ID` int(11) NOT NULL AUTO_INCREMENT,
  `TAN_NUMBER` varchar(15) NOT NULL,
  `CLIENT_ACCOUNT` int(11) NOT NULL,
  `DATE_CREATED` date NOT NULL,
  `STATUS` varchar(1) NOT NULL DEFAULT 'V',
  PRIMARY KEY (`ID`),
  UNIQUE KEY `TAN_NUMBER_UNIQUE` (`TAN_NUMBER`),
  KEY `FK_CLIENT_ACCOUNT_idx` (`CLIENT_ACCOUNT`),
  CONSTRAINT `FK_USER_ACCOUNT` FOREIGN KEY (`CLIENT_ACCOUNT`) REFERENCES `accounts` (`ID`) ON DELETE NO ACTION ON UPDATE NO ACTION
) ENGINE=InnoDB AUTO_INCREMENT=304 DEFAULT CHARSET=latin1;
/*!40101 SET character_set_client = @saved_cs_client */;

--
-- Dumping data for table `tans`
--

LOCK TABLES `tans` WRITE;
/*!40000 ALTER TABLE `tans` DISABLE KEYS */;
INSERT INTO `tans` VALUES (104,'6N3KW158WGATK0N',1,'2015-10-31','V'),(105,'4YA1HHDLU5W4EEW',1,'2015-10-31','V'),(106,'R4808A2BSRWE5V7',1,'2015-10-31','V'),(107,'DIGYUMXLUN140E6',1,'2015-10-31','V'),(108,'ZG065P8D3YAMTPW',1,'2015-10-31','V'),(109,'BP487TR2OKNLLYI',1,'2015-10-31','V'),(110,'KAFD6LYU4V0ZNXK',1,'2015-10-31','V'),(111,'FH438UBJ1EVFWFK',1,'2015-10-31','V'),(112,'NELTRO7EMBWOTDX',1,'2015-10-31','V'),(113,'J8HZBCPAT6OLD5H',1,'2015-10-31','V'),(114,'4W8NJNYD4K66IXG',1,'2015-10-31','V'),(115,'61KRYBWHLMNNROA',1,'2015-10-31','V'),(116,'RFNLPBCX0FW4LE1',1,'2015-10-31','V'),(117,'I0B1Z5SJUHVVX15',1,'2015-10-31','V'),(118,'MK8S4O1B0JYVJ1X',1,'2015-10-31','V'),(119,'0FHEUXREZN5DGYI',1,'2015-10-31','V'),(120,'9YG8KHF59OJJSN2',1,'2015-10-31','V'),(121,'C3ZOUORNWJJNU4G',1,'2015-10-31','V'),(122,'XID459TKLZCGZYG',1,'2015-10-31','V'),(123,'VH05CUJV0AEKHIW',1,'2015-10-31','V'),(124,'SURVDNROW1N6AL9',1,'2015-10-31','V'),(125,'O1ER232VNXNSAHT',1,'2015-10-31','V'),(126,'8B9KGL8K6GWWLR4',1,'2015-10-31','V'),(127,'4FTHCXHW6R4TO5K',1,'2015-10-31','V'),(128,'9IV5NO2PZVIMP3E',1,'2015-10-31','V'),(129,'PU0HBTNYAKNIZL3',1,'2015-10-31','V'),(130,'E7WKCCX7J7LIP6G',1,'2015-10-31','V'),(131,'O31F9E70BVG4I57',1,'2015-10-31','V'),(132,'9VI8F1OW12W23KT',1,'2015-10-31','V'),(133,'22NNRWW7G2DM0JR',1,'2015-10-31','V'),(134,'NTT1IMUVXU2B3BG',1,'2015-10-31','V'),(135,'0RCI03U8WV30UAY',1,'2015-10-31','V'),(136,'VC2S8JED3215XX6',1,'2015-10-31','V'),(137,'XOSK0WPEAFAE3UM',1,'2015-10-31','V'),(138,'T81BB4IG5I8M1VO',1,'2015-10-31','V'),(139,'X5XUYA24TL4I2UG',1,'2015-10-31','V'),(140,'IT8X3NGUNPS29KW',1,'2015-10-31','V'),(141,'XBA09THVG79NBH6',1,'2015-10-31','V'),(142,'573DHZ0EGXPD9Y5',1,'2015-10-31','V'),(143,'WLCU1P0OEB863LX',1,'2015-10-31','V'),(144,'BOBCIANETICEMEM',1,'2015-10-31','V'),(145,'7XL8675B4EOME1B',1,'2015-10-31','V'),(146,'EV1KCUVLO7HZ48E',1,'2015-10-31','V'),(147,'TWVKNOCGNSL1DUY',1,'2015-10-31','V'),(148,'RW37LU9P1ALD1US',1,'2015-10-31','V'),(149,'G2K0V342XLI4GIE',1,'2015-10-31','V'),(150,'XUCVNW2H2Z4CDXG',1,'2015-10-31','V'),(151,'2A2LR09HYAVLSCP',1,'2015-10-31','V'),(152,'WUV4U73ZEHRL2S1',1,'2015-10-31','V'),(153,'USON119W1S5E6HD',1,'2015-10-31','V'),(154,'FB4MOS6XEFLVALW',1,'2015-10-31','V'),(155,'LJ5YNYDB6M6XPDV',1,'2015-10-31','V'),(156,'8DEB9SEUE0L9OMP',1,'2015-10-31','V'),(157,'ZKSYT0024HF9OYN',1,'2015-10-31','V'),(158,'8YVR8N8BZ8IGNGN',1,'2015-10-31','V'),(159,'S0R5B8VYR37I3RL',1,'2015-10-31','V'),(160,'UZZDDHYE48F0HBK',1,'2015-10-31','V'),(161,'2HA6VK9EARUZNF4',1,'2015-10-31','V'),(162,'5VLOK7RMJIVJR6C',1,'2015-10-31','V'),(163,'IE0768DXKF3FBRI',1,'2015-10-31','V'),(164,'7IDH9R2D0410G7Y',1,'2015-10-31','V'),(165,'P243CSF5839B9Z6',1,'2015-10-31','V'),(166,'DRWAIIS7FY5ZDVY',1,'2015-10-31','V'),(167,'81LN2N282YH6B4T',1,'2015-10-31','V'),(168,'EEWCEFIX61NW58K',1,'2015-10-31','V'),(169,'3BNZW5E34K2L44R',1,'2015-10-31','V'),(170,'SRP0ABUZDOG8S71',1,'2015-10-31','V'),(171,'VNPKGTKH4EKTG54',1,'2015-10-31','V'),(172,'XJA1W0JN4V4ULTR',1,'2015-10-31','V'),(173,'WTUMOOMILP7KEV8',1,'2015-10-31','V'),(174,'KIMROPYCODA5RCM',1,'2015-10-31','V'),(175,'RLYF7H2N630TOMM',1,'2015-10-31','V'),(176,'UCV97AZSV2PGBT9',1,'2015-10-31','V'),(177,'8I2CEYY7TJ3JSTI',1,'2015-10-31','V'),(178,'K7NV1DM856N6LY8',1,'2015-10-31','V'),(179,'UMIASY7B3TXADVY',1,'2015-10-31','V'),(180,'MPE5DR3WYI6ZCNC',1,'2015-10-31','V'),(181,'T18W5YUFEKK9EW1',1,'2015-10-31','V'),(182,'2HDB3HZ00S5726X',1,'2015-10-31','V'),(183,'I00O006GATZPFL9',1,'2015-10-31','V'),(184,'D35EZAM7FNT189V',1,'2015-10-31','V'),(185,'PCRIL850KV41XPO',1,'2015-10-31','V'),(186,'UHRH3OFM3ARNGN6',1,'2015-10-31','V'),(187,'PIMMCWKMOVC4B58',1,'2015-10-31','V'),(188,'LBX40AXCTCDRZ21',1,'2015-10-31','V'),(189,'NZI1YTB6XXKMHAW',1,'2015-10-31','V'),(190,'4XCBW34GMD1FKK2',1,'2015-10-31','V'),(191,'TF1OOFLVOBN3V80',1,'2015-10-31','V'),(192,'AUZZZOPG307S4WM',1,'2015-10-31','V'),(193,'S0YRS99PNTEBR4I',1,'2015-10-31','V'),(194,'RW75PFHFF7ZXNK3',1,'2015-10-31','V'),(195,'PKCVGXXO6W3LI78',1,'2015-10-31','V'),(196,'1J45ZVB8VJ1BP7Z',1,'2015-10-31','V'),(197,'PYYDBJCYE0HXWA0',1,'2015-10-31','V'),(198,'Z2UYDTLXTF41ITB',1,'2015-10-31','V'),(199,'V69NI2M5LVA76T2',1,'2015-10-31','V'),(200,'UVLAHPHU5D609XV',1,'2015-10-31','V'),(201,'NTX969HMCL8NJA8',1,'2015-10-31','V'),(202,'LL934W1VH7J7EY9',1,'2015-10-31','V'),(203,'52W6C7GRU2FY9C6',1,'2015-10-31','V'),(204,'KBIMT9MLJL7C4WC',3,'2015-11-01','V'),(205,'1C1MDLI7LRBLG3W',3,'2015-11-01','V'),(206,'Z5G7VC9RDCAH4TW',3,'2015-11-01','V'),(207,'V6ZXV5JRY5S64PC',3,'2015-11-01','V'),(208,'JT0IRZJZ25HXE8E',3,'2015-11-01','V'),(209,'42PESWK1L8AFTZT',3,'2015-11-01','V'),(210,'74ELERDMMF9E0EW',3,'2015-11-01','V'),(211,'U3BKFZG75AI4G4P',3,'2015-11-01','V'),(212,'5C2RL96WE52TUIV',3,'2015-11-01','V'),(213,'RRB4EH1Y1XMYBDJ',3,'2015-11-01','V'),(214,'6HOSA97TBWTJW1S',3,'2015-11-01','V'),(215,'I4YZOJCSIAG0YYZ',3,'2015-11-01','V'),(216,'0HM5L3WN67VRJU3',3,'2015-11-01','V'),(217,'53EP2LYB6FV0SG6',3,'2015-11-01','V'),(218,'CI0BFNX9VXIHRIO',3,'2015-11-01','V'),(219,'ZN4S6P0K2HWG33Y',3,'2015-11-01','V'),(220,'A93YD0L3KB829N1',3,'2015-11-01','V'),(221,'480LZUT3VY11GW7',3,'2015-11-01','V'),(222,'J1H7885K6CM8Y3C',3,'2015-11-01','V'),(223,'OOM4WYPABUKOXYX',3,'2015-11-01','V'),(224,'N6EY31RE903I212',3,'2015-11-01','V'),(225,'ZULO0DNMB3OY6TN',3,'2015-11-01','V'),(226,'98U0LS1RMGSCEJV',3,'2015-11-01','V'),(227,'PJRNE491BPTAYGM',3,'2015-11-01','V'),(228,'A9XFCR7GDCWDMI3',3,'2015-11-01','V'),(229,'G1ADDW2WD1U56V3',3,'2015-11-01','V'),(230,'BZ5RYI9C502TI6W',3,'2015-11-01','V'),(231,'L58KPLWHL1DF8ZE',3,'2015-11-01','V'),(232,'S3K7D4DGJUHG55J',3,'2015-11-01','V'),(233,'VIJKWI08AG0J97I',3,'2015-11-01','V'),(234,'6I3Z6A0D6A767SL',3,'2015-11-01','V'),(235,'CXEIDDET77JTAG0',3,'2015-11-01','V'),(236,'CNRHTP69ZHB08EA',3,'2015-11-01','V'),(237,'YFFOTX2KUH8JOIG',3,'2015-11-01','V'),(238,'RMVNOCVCJ3CGVKN',3,'2015-11-01','V'),(239,'HS0MDU4NM43J6AO',3,'2015-11-01','V'),(240,'MHD4SK13AVAU3CT',3,'2015-11-01','V'),(241,'1FGLY88BAS229YZ',3,'2015-11-01','V'),(242,'EK3EEH1CPO48EE6',3,'2015-11-01','V'),(243,'33CLBTR6Y7BADDA',3,'2015-11-01','V'),(244,'RNVCY7TRO0T6BHX',3,'2015-11-01','V'),(245,'WOORK42EFIIH96K',3,'2015-11-01','V'),(246,'27Y7P06VLVOI8JV',3,'2015-11-01','V'),(247,'MS8J6TM1ND08Z41',3,'2015-11-01','V'),(248,'FN4ZHMYIRERV3X2',3,'2015-11-01','V'),(249,'STM1FSJ7LB4PFAB',3,'2015-11-01','V'),(250,'4P2LJMEYJWPT9RV',3,'2015-11-01','V'),(251,'69W4INJDT0FZGFR',3,'2015-11-01','V'),(252,'RII92EC5P4J5336',3,'2015-11-01','V'),(253,'H0BUVTAMHDX640O',3,'2015-11-01','V'),(254,'IYKL9OF4IKD6WAT',3,'2015-11-01','V'),(255,'9G4ICSPWX0CRWPO',3,'2015-11-01','V'),(256,'FTZ0TKEZ6O3UF3M',3,'2015-11-01','V'),(257,'BWA3LE94GBFR2GS',3,'2015-11-01','V'),(258,'M57STYDEX5B410V',3,'2015-11-01','V'),(259,'XP7D74ZO1T25TWN',3,'2015-11-01','V'),(260,'KIXHDM1RB4T7TFB',3,'2015-11-01','V'),(261,'1NK7Z70I8BNWJB2',3,'2015-11-01','V'),(262,'D424KOXCLFNO24O',3,'2015-11-01','V'),(263,'M0YU52LFNACC7CX',3,'2015-11-01','V'),(264,'W68GYMMRTYK0D5O',3,'2015-11-01','V'),(265,'XYP2PDKA417GCRL',3,'2015-11-01','V'),(266,'55U7HO6Z1P3FXFG',3,'2015-11-01','V'),(267,'HPKKNHDBVWI0MZ8',3,'2015-11-01','V'),(268,'IVC8534SS8UJRSM',3,'2015-11-01','V'),(269,'RXP34KGBWL2VSCX',3,'2015-11-01','V'),(270,'WZN0X8UU3RSC08T',3,'2015-11-01','V'),(271,'0PYRSVJY6HBA38X',3,'2015-11-01','V'),(272,'225L61W3XGGK5CJ',3,'2015-11-01','V'),(273,'T7460YR0UPR2KC1',3,'2015-11-01','V'),(274,'YX64T42X7UCZ8AV',3,'2015-11-01','V'),(275,'7G9Z31XIKH0U6ZR',3,'2015-11-01','V'),(276,'RU2UM1UHBPWF6CC',3,'2015-11-01','V'),(277,'WZYRL5X8RHAD2CH',3,'2015-11-01','V'),(278,'ASJIJKHT8PZCZXC',3,'2015-11-01','V'),(279,'LUDGJFTONUFTWNZ',3,'2015-11-01','V'),(280,'7OZOP2E8PG0V0VF',3,'2015-11-01','V'),(281,'9XRPPC2GVK9T0IC',3,'2015-11-01','V'),(282,'ASGS1GAHMRB06VD',3,'2015-11-01','V'),(283,'98IVRYXKEWUVP4F',3,'2015-11-01','V'),(284,'LNAG3PG47T84AFO',3,'2015-11-01','V'),(285,'P5JFL6MK06NNNI3',3,'2015-11-01','V'),(286,'UR2WO03I9MIZ7EM',3,'2015-11-01','V'),(287,'PLGAO0LVDKZ6SUC',3,'2015-11-01','V'),(288,'KBYXWZFEG8G261K',3,'2015-11-01','V'),(289,'JCVV3TPZGX1YUJS',3,'2015-11-01','V'),(290,'DXZEEZ3XKP8T0B8',3,'2015-11-01','V'),(291,'ZAJFXILPLA6DIOJ',3,'2015-11-01','V'),(292,'9MADRD8XNS3WC8Y',3,'2015-11-01','V'),(293,'HNSEFXUJZZDZT6X',3,'2015-11-01','V'),(294,'T5DDLPX8GRMGZXV',3,'2015-11-01','V'),(295,'J9IGFW7SLY8M12A',3,'2015-11-01','V'),(296,'D6ALVZ9XGY1FY28',3,'2015-11-01','V'),(297,'VRRYEM0PUZAPCMJ',3,'2015-11-01','V'),(298,'IMYA6YRHA0CK0ZN',3,'2015-11-01','V'),(299,'IVM0T076FZCKTWC',3,'2015-11-01','V'),(300,'1YBVWBE6ZUPYM1C',3,'2015-11-01','V'),(301,'FRVWBLSFV4PKRJ8',3,'2015-11-01','V'),(302,'E7T8IZ7619K3ISA',3,'2015-11-01','V'),(303,'D2P729VMK8DEXJ0',3,'2015-11-01','V');
/*!40000 ALTER TABLE `tans` ENABLE KEYS */;
UNLOCK TABLES;

--
-- Table structure for table `transactions`
--

DROP TABLE IF EXISTS `transactions`;
/*!40101 SET @saved_cs_client     = @@character_set_client */;
/*!40101 SET character_set_client = utf8 */;
CREATE TABLE `transactions` (
  `ID` int(11) NOT NULL AUTO_INCREMENT,
  `SENDER_ACCOUNT` int(11) NOT NULL,
  `RECIPIENT_ACCOUNT` int(11) NOT NULL,
  `AMOUNT` double NOT NULL,
  `STATUS` varchar(1) NOT NULL,
  `TAN_ID` int(11) NOT NULL,
  `APPROVED_BY` int(11) NOT NULL,
  `DATE_APPROVED` date DEFAULT NULL,
  `DATE_CREATED` date NOT NULL,
  PRIMARY KEY (`ID`),
  UNIQUE KEY `TAN_ID_UNIQUE` (`TAN_ID`),
  KEY `FK_SENDER_ACCOUNT_idx` (`SENDER_ACCOUNT`),
  KEY `FK_RECIPIENT_ACCOUNT_idx` (`RECIPIENT_ACCOUNT`),
  KEY `FK_APPROVED_BY_idx` (`APPROVED_BY`),
  CONSTRAINT `FK_SENDER_ACCOUNT` FOREIGN KEY (`SENDER_ACCOUNT`) REFERENCES `accounts` (`ID`) ON DELETE NO ACTION ON UPDATE NO ACTION,
  CONSTRAINT `FK_RECIPIENT_ACCOUNT` FOREIGN KEY (`RECIPIENT_ACCOUNT`) REFERENCES `accounts` (`ID`) ON DELETE NO ACTION ON UPDATE NO ACTION,
  CONSTRAINT `FK_TAN_ID` FOREIGN KEY (`TAN_ID`) REFERENCES `tans` (`ID`) ON DELETE NO ACTION ON UPDATE NO ACTION,
  CONSTRAINT `FK_APPROVED_BY` FOREIGN KEY (`APPROVED_BY`) REFERENCES `users` (`ID`) ON DELETE NO ACTION ON UPDATE NO ACTION
) ENGINE=InnoDB DEFAULT CHARSET=latin1;
/*!40101 SET character_set_client = @saved_cs_client */;

--
-- Dumping data for table `transactions`
--

LOCK TABLES `transactions` WRITE;
/*!40000 ALTER TABLE `transactions` DISABLE KEYS */;
/*!40000 ALTER TABLE `transactions` ENABLE KEYS */;
UNLOCK TABLES;

--
-- Table structure for table `users`
--

DROP TABLE IF EXISTS `users`;
/*!40101 SET @saved_cs_client     = @@character_set_client */;
/*!40101 SET character_set_client = utf8 */;
CREATE TABLE `users` (
  `ID` int(11) NOT NULL AUTO_INCREMENT,
  `USER_TYPE` varchar(1) NOT NULL,
  `EMAIL` varchar(100) NOT NULL,
  `PASSWORD` varchar(100) CHARACTER SET utf8 NOT NULL,
  `FIRST_NAME` varchar(100) CHARACTER SET utf8 NOT NULL,
  `LAST_NAME` varchar(100) CHARACTER SET utf8 NOT NULL,
  `DATE_CREATED` date NOT NULL,
  `DATE_APPROVED` date DEFAULT NULL,
  `APPROVED_BY` int(11) DEFAULT NULL,
  PRIMARY KEY (`ID`),
  UNIQUE KEY `EMAIL_UNIQUE` (`EMAIL`)
) ENGINE=InnoDB AUTO_INCREMENT=9 DEFAULT CHARSET=latin1;
/*!40101 SET character_set_client = @saved_cs_client */;

--
-- Dumping data for table `users`
--

LOCK TABLES `users` WRITE;
/*!40000 ALTER TABLE `users` DISABLE KEYS */;
INSERT INTO `users` VALUES (6,'S','system','1a1dc91c907325c69271ddf0c944bc72','System','Account','2015-10-26','2015-10-26',0),(7,'E','amadasun@in.tum.de','1a1dc91c907325c69271ddf0c944bc72','Efe','Amadasun','2015-10-31','2015-10-31',6),(8,'C','efe.amadasun@tum.de','1a1dc91c907325c69271ddf0c944bc72','Michael','Jordan','2015-11-01','2015-11-01',7);
/*!40000 ALTER TABLE `users` ENABLE KEYS */;
UNLOCK TABLES;

--
-- Temporary table structure for view `users_view`
--

DROP TABLE IF EXISTS `users_view`;
/*!50001 DROP VIEW IF EXISTS `users_view`*/;
SET @saved_cs_client     = @@character_set_client;
SET character_set_client = utf8;
/*!50001 CREATE TABLE `users_view` (
  `ID` tinyint NOT NULL,
  `USER_TYPE` tinyint NOT NULL,
  `EMAIL` tinyint NOT NULL,
  `FIRST_NAME` tinyint NOT NULL,
  `LAST_NAME` tinyint NOT NULL,
  `DATE_CREATED` tinyint NOT NULL,
  `DATE_APPROVED` tinyint NOT NULL,
  `APPROVED_BY` tinyint NOT NULL,
  `ACCOUNT_ID` tinyint NOT NULL,
  `ACCOUNT_NUMBER` tinyint NOT NULL,
  `BALANCE` tinyint NOT NULL
) ENGINE=MyISAM */;
SET character_set_client = @saved_cs_client;

--
-- Final view structure for view `users_view`
--

/*!50001 DROP TABLE IF EXISTS `users_view`*/;
/*!50001 DROP VIEW IF EXISTS `users_view`*/;
/*!50001 SET @saved_cs_client          = @@character_set_client */;
/*!50001 SET @saved_cs_results         = @@character_set_results */;
/*!50001 SET @saved_col_connection     = @@collation_connection */;
/*!50001 SET character_set_client      = utf8 */;
/*!50001 SET character_set_results     = utf8 */;
/*!50001 SET collation_connection      = utf8_general_ci */;
/*!50001 CREATE ALGORITHM=UNDEFINED */
/*!50013 DEFINER=`root`@`localhost` SQL SECURITY DEFINER */
/*!50001 VIEW `users_view` AS select `u`.`ID` AS `ID`,`u`.`USER_TYPE` AS `USER_TYPE`,`u`.`EMAIL` AS `EMAIL`,`u`.`FIRST_NAME` AS `FIRST_NAME`,`u`.`LAST_NAME` AS `LAST_NAME`,`u`.`DATE_CREATED` AS `DATE_CREATED`,`u`.`DATE_APPROVED` AS `DATE_APPROVED`,(select concat(`users`.`FIRST_NAME`,' ',`users`.`LAST_NAME`) from `users` where (`users`.`ID` = `u`.`APPROVED_BY`)) AS `APPROVED_BY`,`a`.`ID` AS `ACCOUNT_ID`,`a`.`ACCOUNT_NUMBER` AS `ACCOUNT_NUMBER`,`a`.`BALANCE` AS `BALANCE` from (`users` `u` left join `accounts` `a` on((`u`.`ID` = `a`.`USER`))) where (`u`.`USER_TYPE` <> 'S') */;
/*!50001 SET character_set_client      = @saved_cs_client */;
/*!50001 SET character_set_results     = @saved_cs_results */;
/*!50001 SET collation_connection      = @saved_col_connection */;
/*!40103 SET TIME_ZONE=@OLD_TIME_ZONE */;

/*!40101 SET SQL_MODE=@OLD_SQL_MODE */;
/*!40014 SET FOREIGN_KEY_CHECKS=@OLD_FOREIGN_KEY_CHECKS */;
/*!40014 SET UNIQUE_CHECKS=@OLD_UNIQUE_CHECKS */;
/*!40101 SET CHARACTER_SET_CLIENT=@OLD_CHARACTER_SET_CLIENT */;
/*!40101 SET CHARACTER_SET_RESULTS=@OLD_CHARACTER_SET_RESULTS */;
/*!40101 SET COLLATION_CONNECTION=@OLD_COLLATION_CONNECTION */;
/*!40111 SET SQL_NOTES=@OLD_SQL_NOTES */;

-- Dump completed on 2015-11-01  0:54:29
