-- MySQL dump 10.13  Distrib 5.6.17, for Win64 (x86_64)
--
-- Host: localhost    Database: bank_db
-- ------------------------------------------------------
-- Server version	5.6.17

/*!40101 SET @OLD_CHARACTER_SET_CLIENT=@@CHARACTER_SET_CLIENT */;
/*!40101 SET @OLD_CHARACTER_SET_RESULTS=@@CHARACTER_SET_RESULTS */;
/*!40101 SET @OLD_COLLATION_CONNECTION=@@COLLATION_CONNECTION */;
/*!40101 SET NAMES utf8 */;
/*!40103 SET @OLD_TIME_ZONE=@@TIME_ZONE */;
/*!40103 SET TIME_ZONE='+00:00' */;
/*!40014 SET @OLD_UNIQUE_CHECKS=@@UNIQUE_CHECKS, UNIQUE_CHECKS=0 */;
/*!40014 SET @OLD_FOREIGN_KEY_CHECKS=@@FOREIGN_KEY_CHECKS, FOREIGN_KEY_CHECKS=0 */;
/*!40101 SET @OLD_SQL_MODE=@@SQL_MODE, SQL_MODE='NO_AUTO_VALUE_ON_ZERO' */;
/*!40111 SET @OLD_SQL_NOTES=@@SQL_NOTES, SQL_NOTES=0 */;

--
-- Table structure for table `accounts`
--

DROP TABLE IF EXISTS `accounts`;
/*!40101 SET @saved_cs_client     = @@character_set_client */;
/*!40101 SET character_set_client = utf8 */;
CREATE TABLE `accounts` (
  `ID` int(11) NOT NULL AUTO_INCREMENT,
  `USER` int(11) NOT NULL,
  `ACCOUNT_NUMBER` int(11) NOT NULL,
  `BALANCE` double NOT NULL DEFAULT '1000000',
  `DATE_CREATED` date NOT NULL,
  `LAST_TAN` varchar(15) DEFAULT NULL,
  PRIMARY KEY (`ID`),
  UNIQUE KEY `ACCOUNT_NUMBER_UNIQUE` (`ACCOUNT_NUMBER`),
  KEY `FK_CLIENT_USER_idx` (`USER`),
  CONSTRAINT `FK_CLIENT_USER` FOREIGN KEY (`USER`) REFERENCES `users` (`ID`) ON DELETE NO ACTION ON UPDATE NO ACTION
) ENGINE=InnoDB AUTO_INCREMENT=9 DEFAULT CHARSET=latin1;
/*!40101 SET character_set_client = @saved_cs_client */;

--
-- Dumping data for table `accounts`
--

LOCK TABLES `accounts` WRITE;
/*!40000 ALTER TABLE `accounts` DISABLE KEYS */;
INSERT INTO `accounts` VALUES (1,7,1000000007,948291,'2015-10-31',NULL),(3,8,1000000008,1051253,'2015-11-01',NULL),(4,9,1000000009,1000000,'2015-12-08',NULL),(5,10,1000000010,1000000,'2015-12-08',NULL),(6,11,1000000011,1000000,'2015-12-08',NULL),(7,12,1000000012,1000000,'2015-12-08',NULL),(8,13,1000000013,1000000,'2015-12-08',NULL);
/*!40000 ALTER TABLE `accounts` ENABLE KEYS */;
UNLOCK TABLES;

--
-- Table structure for table `tans`
--

DROP TABLE IF EXISTS `tans`;
/*!40101 SET @saved_cs_client     = @@character_set_client */;
/*!40101 SET character_set_client = utf8 */;
CREATE TABLE `tans` (
  `ID` int(11) NOT NULL AUTO_INCREMENT,
  `TAN_NUMBER` varchar(15) NOT NULL,
  `CLIENT_ACCOUNT` int(11) NOT NULL,
  `DATE_CREATED` date NOT NULL,
  `STATUS` varchar(1) NOT NULL DEFAULT 'V',
  PRIMARY KEY (`ID`),
  UNIQUE KEY `TAN_NUMBER_UNIQUE` (`TAN_NUMBER`),
  KEY `FK_CLIENT_ACCOUNT_idx` (`CLIENT_ACCOUNT`),
  CONSTRAINT `FK_USER_ACCOUNT` FOREIGN KEY (`CLIENT_ACCOUNT`) REFERENCES `accounts` (`ID`) ON DELETE NO ACTION ON UPDATE NO ACTION
) ENGINE=InnoDB AUTO_INCREMENT=804 DEFAULT CHARSET=latin1;
/*!40101 SET character_set_client = @saved_cs_client */;

--
-- Dumping data for table `tans`
--

LOCK TABLES `tans` WRITE;
/*!40000 ALTER TABLE `tans` DISABLE KEYS */;
INSERT INTO `tans` VALUES (104,'6N3KW158WGATK0N',1,'2015-10-31','U'),(105,'4YA1HHDLU5W4EEW',1,'2015-10-31','U'),(106,'R4808A2BSRWE5V7',1,'2015-10-31','U'),(107,'DIGYUMXLUN140E6',1,'2015-10-31','V'),(108,'ZG065P8D3YAMTPW',1,'2015-10-31','V'),(109,'BP487TR2OKNLLYI',1,'2015-10-31','V'),(110,'KAFD6LYU4V0ZNXK',1,'2015-10-31','V'),(111,'FH438UBJ1EVFWFK',1,'2015-10-31','V'),(112,'NELTRO7EMBWOTDX',1,'2015-10-31','V'),(113,'J8HZBCPAT6OLD5H',1,'2015-10-31','V'),(114,'4W8NJNYD4K66IXG',1,'2015-10-31','V'),(115,'61KRYBWHLMNNROA',1,'2015-10-31','V'),(116,'RFNLPBCX0FW4LE1',1,'2015-10-31','V'),(117,'I0B1Z5SJUHVVX15',1,'2015-10-31','V'),(118,'MK8S4O1B0JYVJ1X',1,'2015-10-31','V'),(119,'0FHEUXREZN5DGYI',1,'2015-10-31','V'),(120,'9YG8KHF59OJJSN2',1,'2015-10-31','V'),(121,'C3ZOUORNWJJNU4G',1,'2015-10-31','V'),(122,'XID459TKLZCGZYG',1,'2015-10-31','V'),(123,'VH05CUJV0AEKHIW',1,'2015-10-31','V'),(124,'SURVDNROW1N6AL9',1,'2015-10-31','V'),(125,'O1ER232VNXNSAHT',1,'2015-10-31','V'),(126,'8B9KGL8K6GWWLR4',1,'2015-10-31','V'),(127,'4FTHCXHW6R4TO5K',1,'2015-10-31','V'),(128,'9IV5NO2PZVIMP3E',1,'2015-10-31','V'),(129,'PU0HBTNYAKNIZL3',1,'2015-10-31','V'),(130,'E7WKCCX7J7LIP6G',1,'2015-10-31','V'),(131,'O31F9E70BVG4I57',1,'2015-10-31','V'),(132,'9VI8F1OW12W23KT',1,'2015-10-31','V'),(133,'22NNRWW7G2DM0JR',1,'2015-10-31','V'),(134,'NTT1IMUVXU2B3BG',1,'2015-10-31','V'),(135,'0RCI03U8WV30UAY',1,'2015-10-31','V'),(136,'VC2S8JED3215XX6',1,'2015-10-31','V'),(137,'XOSK0WPEAFAE3UM',1,'2015-10-31','V'),(138,'T81BB4IG5I8M1VO',1,'2015-10-31','V'),(139,'X5XUYA24TL4I2UG',1,'2015-10-31','V'),(140,'IT8X3NGUNPS29KW',1,'2015-10-31','V'),(141,'XBA09THVG79NBH6',1,'2015-10-31','V'),(142,'573DHZ0EGXPD9Y5',1,'2015-10-31','V'),(143,'WLCU1P0OEB863LX',1,'2015-10-31','V'),(144,'BOBCIANETICEMEM',1,'2015-10-31','V'),(145,'7XL8675B4EOME1B',1,'2015-10-31','V'),(146,'EV1KCUVLO7HZ48E',1,'2015-10-31','V'),(147,'TWVKNOCGNSL1DUY',1,'2015-10-31','V'),(148,'RW37LU9P1ALD1US',1,'2015-10-31','V'),(149,'G2K0V342XLI4GIE',1,'2015-10-31','V'),(150,'XUCVNW2H2Z4CDXG',1,'2015-10-31','V'),(151,'2A2LR09HYAVLSCP',1,'2015-10-31','V'),(152,'WUV4U73ZEHRL2S1',1,'2015-10-31','V'),(153,'USON119W1S5E6HD',1,'2015-10-31','V'),(154,'FB4MOS6XEFLVALW',1,'2015-10-31','V'),(155,'LJ5YNYDB6M6XPDV',1,'2015-10-31','V'),(156,'8DEB9SEUE0L9OMP',1,'2015-10-31','V'),(157,'ZKSYT0024HF9OYN',1,'2015-10-31','V'),(158,'8YVR8N8BZ8IGNGN',1,'2015-10-31','V'),(159,'S0R5B8VYR37I3RL',1,'2015-10-31','V'),(160,'UZZDDHYE48F0HBK',1,'2015-10-31','V'),(161,'2HA6VK9EARUZNF4',1,'2015-10-31','V'),(162,'5VLOK7RMJIVJR6C',1,'2015-10-31','V'),(163,'IE0768DXKF3FBRI',1,'2015-10-31','V'),(164,'7IDH9R2D0410G7Y',1,'2015-10-31','V'),(165,'P243CSF5839B9Z6',1,'2015-10-31','V'),(166,'DRWAIIS7FY5ZDVY',1,'2015-10-31','V'),(167,'81LN2N282YH6B4T',1,'2015-10-31','V'),(168,'EEWCEFIX61NW58K',1,'2015-10-31','U'),(169,'3BNZW5E34K2L44R',1,'2015-10-31','U'),(170,'SRP0ABUZDOG8S71',1,'2015-10-31','U'),(171,'VNPKGTKH4EKTG54',1,'2015-10-31','U'),(172,'XJA1W0JN4V4ULTR',1,'2015-10-31','U'),(173,'WTUMOOMILP7KEV8',1,'2015-10-31','V'),(174,'KIMROPYCODA5RCM',1,'2015-10-31','V'),(175,'RLYF7H2N630TOMM',1,'2015-10-31','V'),(176,'UCV97AZSV2PGBT9',1,'2015-10-31','V'),(177,'8I2CEYY7TJ3JSTI',1,'2015-10-31','V'),(178,'K7NV1DM856N6LY8',1,'2015-10-31','V'),(179,'UMIASY7B3TXADVY',1,'2015-10-31','V'),(180,'MPE5DR3WYI6ZCNC',1,'2015-10-31','V'),(181,'T18W5YUFEKK9EW1',1,'2015-10-31','V'),(182,'2HDB3HZ00S5726X',1,'2015-10-31','V'),(183,'I00O006GATZPFL9',1,'2015-10-31','V'),(184,'D35EZAM7FNT189V',1,'2015-10-31','V'),(185,'PCRIL850KV41XPO',1,'2015-10-31','V'),(186,'UHRH3OFM3ARNGN6',1,'2015-10-31','V'),(187,'PIMMCWKMOVC4B58',1,'2015-10-31','V'),(188,'LBX40AXCTCDRZ21',1,'2015-10-31','V'),(189,'NZI1YTB6XXKMHAW',1,'2015-10-31','V'),(190,'4XCBW34GMD1FKK2',1,'2015-10-31','V'),(191,'TF1OOFLVOBN3V80',1,'2015-10-31','V'),(192,'AUZZZOPG307S4WM',1,'2015-10-31','V'),(193,'S0YRS99PNTEBR4I',1,'2015-10-31','V'),(194,'RW75PFHFF7ZXNK3',1,'2015-10-31','V'),(195,'PKCVGXXO6W3LI78',1,'2015-10-31','V'),(196,'1J45ZVB8VJ1BP7Z',1,'2015-10-31','V'),(197,'PYYDBJCYE0HXWA0',1,'2015-10-31','V'),(198,'Z2UYDTLXTF41ITB',1,'2015-10-31','V'),(199,'V69NI2M5LVA76T2',1,'2015-10-31','V'),(200,'UVLAHPHU5D609XV',1,'2015-10-31','V'),(201,'NTX969HMCL8NJA8',1,'2015-10-31','V'),(202,'LL934W1VH7J7EY9',1,'2015-10-31','V'),(203,'52W6C7GRU2FY9C6',1,'2015-10-31','V'),(204,'KBIMT9MLJL7C4WC',3,'2015-11-01','V'),(205,'1C1MDLI7LRBLG3W',3,'2015-11-01','V'),(206,'Z5G7VC9RDCAH4TW',3,'2015-11-01','V'),(207,'V6ZXV5JRY5S64PC',3,'2015-11-01','V'),(208,'JT0IRZJZ25HXE8E',3,'2015-11-01','V'),(209,'42PESWK1L8AFTZT',3,'2015-11-01','V'),(210,'74ELERDMMF9E0EW',3,'2015-11-01','V'),(211,'U3BKFZG75AI4G4P',3,'2015-11-01','V'),(212,'5C2RL96WE52TUIV',3,'2015-11-01','V'),(213,'RRB4EH1Y1XMYBDJ',3,'2015-11-01','V'),(214,'6HOSA97TBWTJW1S',3,'2015-11-01','V'),(215,'I4YZOJCSIAG0YYZ',3,'2015-11-01','V'),(216,'0HM5L3WN67VRJU3',3,'2015-11-01','V'),(217,'53EP2LYB6FV0SG6',3,'2015-11-01','V'),(218,'CI0BFNX9VXIHRIO',3,'2015-11-01','V'),(219,'ZN4S6P0K2HWG33Y',3,'2015-11-01','V'),(220,'A93YD0L3KB829N1',3,'2015-11-01','V'),(221,'480LZUT3VY11GW7',3,'2015-11-01','V'),(222,'J1H7885K6CM8Y3C',3,'2015-11-01','V'),(223,'OOM4WYPABUKOXYX',3,'2015-11-01','V'),(224,'N6EY31RE903I212',3,'2015-11-01','V'),(225,'ZULO0DNMB3OY6TN',3,'2015-11-01','V'),(226,'98U0LS1RMGSCEJV',3,'2015-11-01','V'),(227,'PJRNE491BPTAYGM',3,'2015-11-01','V'),(228,'A9XFCR7GDCWDMI3',3,'2015-11-01','V'),(229,'G1ADDW2WD1U56V3',3,'2015-11-01','V'),(230,'BZ5RYI9C502TI6W',3,'2015-11-01','V'),(231,'L58KPLWHL1DF8ZE',3,'2015-11-01','V'),(232,'S3K7D4DGJUHG55J',3,'2015-11-01','V'),(233,'VIJKWI08AG0J97I',3,'2015-11-01','V'),(234,'6I3Z6A0D6A767SL',3,'2015-11-01','V'),(235,'CXEIDDET77JTAG0',3,'2015-11-01','V'),(236,'CNRHTP69ZHB08EA',3,'2015-11-01','V'),(237,'YFFOTX2KUH8JOIG',3,'2015-11-01','V'),(238,'RMVNOCVCJ3CGVKN',3,'2015-11-01','V'),(239,'HS0MDU4NM43J6AO',3,'2015-11-01','V'),(240,'MHD4SK13AVAU3CT',3,'2015-11-01','V'),(241,'1FGLY88BAS229YZ',3,'2015-11-01','V'),(242,'EK3EEH1CPO48EE6',3,'2015-11-01','V'),(243,'33CLBTR6Y7BADDA',3,'2015-11-01','V'),(244,'RNVCY7TRO0T6BHX',3,'2015-11-01','V'),(245,'WOORK42EFIIH96K',3,'2015-11-01','V'),(246,'27Y7P06VLVOI8JV',3,'2015-11-01','V'),(247,'MS8J6TM1ND08Z41',3,'2015-11-01','V'),(248,'FN4ZHMYIRERV3X2',3,'2015-11-01','V'),(249,'STM1FSJ7LB4PFAB',3,'2015-11-01','V'),(250,'4P2LJMEYJWPT9RV',3,'2015-11-01','V'),(251,'69W4INJDT0FZGFR',3,'2015-11-01','V'),(252,'RII92EC5P4J5336',3,'2015-11-01','V'),(253,'H0BUVTAMHDX640O',3,'2015-11-01','V'),(254,'IYKL9OF4IKD6WAT',3,'2015-11-01','V'),(255,'9G4ICSPWX0CRWPO',3,'2015-11-01','V'),(256,'FTZ0TKEZ6O3UF3M',3,'2015-11-01','V'),(257,'BWA3LE94GBFR2GS',3,'2015-11-01','V'),(258,'M57STYDEX5B410V',3,'2015-11-01','V'),(259,'XP7D74ZO1T25TWN',3,'2015-11-01','V'),(260,'KIXHDM1RB4T7TFB',3,'2015-11-01','V'),(261,'1NK7Z70I8BNWJB2',3,'2015-11-01','V'),(262,'D424KOXCLFNO24O',3,'2015-11-01','V'),(263,'M0YU52LFNACC7CX',3,'2015-11-01','V'),(264,'W68GYMMRTYK0D5O',3,'2015-11-01','V'),(265,'XYP2PDKA417GCRL',3,'2015-11-01','V'),(266,'55U7HO6Z1P3FXFG',3,'2015-11-01','V'),(267,'HPKKNHDBVWI0MZ8',3,'2015-11-01','V'),(268,'IVC8534SS8UJRSM',3,'2015-11-01','V'),(269,'RXP34KGBWL2VSCX',3,'2015-11-01','V'),(270,'WZN0X8UU3RSC08T',3,'2015-11-01','V'),(271,'0PYRSVJY6HBA38X',3,'2015-11-01','V'),(272,'225L61W3XGGK5CJ',3,'2015-11-01','V'),(273,'T7460YR0UPR2KC1',3,'2015-11-01','V'),(274,'YX64T42X7UCZ8AV',3,'2015-11-01','V'),(275,'7G9Z31XIKH0U6ZR',3,'2015-11-01','V'),(276,'RU2UM1UHBPWF6CC',3,'2015-11-01','V'),(277,'WZYRL5X8RHAD2CH',3,'2015-11-01','V'),(278,'ASJIJKHT8PZCZXC',3,'2015-11-01','V'),(279,'LUDGJFTONUFTWNZ',3,'2015-11-01','V'),(280,'7OZOP2E8PG0V0VF',3,'2015-11-01','V'),(281,'9XRPPC2GVK9T0IC',3,'2015-11-01','V'),(282,'ASGS1GAHMRB06VD',3,'2015-11-01','V'),(283,'98IVRYXKEWUVP4F',3,'2015-11-01','V'),(284,'LNAG3PG47T84AFO',3,'2015-11-01','V'),(285,'P5JFL6MK06NNNI3',3,'2015-11-01','V'),(286,'UR2WO03I9MIZ7EM',3,'2015-11-01','V'),(287,'PLGAO0LVDKZ6SUC',3,'2015-11-01','V'),(288,'KBYXWZFEG8G261K',3,'2015-11-01','V'),(289,'JCVV3TPZGX1YUJS',3,'2015-11-01','V'),(290,'DXZEEZ3XKP8T0B8',3,'2015-11-01','V'),(291,'ZAJFXILPLA6DIOJ',3,'2015-11-01','V'),(292,'9MADRD8XNS3WC8Y',3,'2015-11-01','V'),(293,'HNSEFXUJZZDZT6X',3,'2015-11-01','V'),(294,'T5DDLPX8GRMGZXV',3,'2015-11-01','V'),(295,'J9IGFW7SLY8M12A',3,'2015-11-01','V'),(296,'D6ALVZ9XGY1FY28',3,'2015-11-01','V'),(297,'VRRYEM0PUZAPCMJ',3,'2015-11-01','V'),(298,'IMYA6YRHA0CK0ZN',3,'2015-11-01','V'),(299,'IVM0T076FZCKTWC',3,'2015-11-01','V'),(300,'1YBVWBE6ZUPYM1C',3,'2015-11-01','V'),(301,'FRVWBLSFV4PKRJ8',3,'2015-11-01','V'),(302,'E7T8IZ7619K3ISA',3,'2015-11-01','V'),(303,'D2P729VMK8DEXJ0',3,'2015-11-01','V'),(304,'UGFGEJDNYWNAJN4',4,'2015-12-08','V'),(305,'9UL33VYFR8DHN25',4,'2015-12-08','V'),(306,'4UXYLPX1VAL3605',4,'2015-12-08','V'),(307,'CFV3IZAJULA30PB',4,'2015-12-08','V'),(308,'U94CDB6USDPSN63',4,'2015-12-08','V'),(309,'L4X5BPB8DLM6PBI',4,'2015-12-08','V'),(310,'BVZ9IR6J4V1KY53',4,'2015-12-08','V'),(311,'4D3GC8NRZVB1A31',4,'2015-12-08','V'),(312,'XXA9I5A1DNFRMOK',4,'2015-12-08','V'),(313,'DVY1F6NOV4JV4UT',4,'2015-12-08','V'),(314,'D7X6MKEWF6YM4HM',4,'2015-12-08','V'),(315,'NJH1M2N9UIYWY8U',4,'2015-12-08','V'),(316,'17299BCPOIY7XH6',4,'2015-12-08','V'),(317,'40HXHK8HRPWPX19',4,'2015-12-08','V'),(318,'ZEKH46ZCGSC0U38',4,'2015-12-08','V'),(319,'8MMR7NCHN9RJUAR',4,'2015-12-08','V'),(320,'IF4UIMJ038XODD4',4,'2015-12-08','V'),(321,'VXUF0VTS3S0FKSN',4,'2015-12-08','V'),(322,'9GEGL5UOCNK0SGS',4,'2015-12-08','V'),(323,'MRI0BM9D99PG7YB',4,'2015-12-08','V'),(324,'CCL1OEHCHKI8FM0',4,'2015-12-08','V'),(325,'4JRS1GO7E8L47HA',4,'2015-12-08','V'),(326,'VXBWAHB6RFJD2NN',4,'2015-12-08','V'),(327,'5KNOR6F9X5EHUCK',4,'2015-12-08','V'),(328,'X85DNCDUBVDD00Z',4,'2015-12-08','V'),(329,'Y9JJ38MYOG1GA3X',4,'2015-12-08','V'),(330,'ZTP2TRDMU1PED6T',4,'2015-12-08','V'),(331,'JA58TXD4D3V1051',4,'2015-12-08','V'),(332,'3WYXVSUZGUN4GUR',4,'2015-12-08','V'),(333,'WZYZ6LYMIE0LV0V',4,'2015-12-08','V'),(334,'7OGRBXEC92XWV3L',4,'2015-12-08','V'),(335,'4IFJ804BYPK2HHS',4,'2015-12-08','V'),(336,'BLN67G2SBT11SUG',4,'2015-12-08','V'),(337,'X4AMWGDFXFU7H3W',4,'2015-12-08','V'),(338,'RJ07GKB16IM47WZ',4,'2015-12-08','V'),(339,'MEM0C57SF8LXL19',4,'2015-12-08','V'),(340,'H4E63ONUUIN5ABP',4,'2015-12-08','V'),(341,'LKBR7990EGBE5S9',4,'2015-12-08','V'),(342,'9Y99FPJ18YOVIMB',4,'2015-12-08','V'),(343,'EM7JWFNW29GI4ZK',4,'2015-12-08','V'),(344,'0SVGE9T4CA6ZY2R',4,'2015-12-08','V'),(345,'0RCXOVBI0XPWEYR',4,'2015-12-08','V'),(346,'WWL5UWY4KDJDHUK',4,'2015-12-08','V'),(347,'6D8J6K1KMZ8A9W8',4,'2015-12-08','V'),(348,'SA62KE66UVPI4D6',4,'2015-12-08','V'),(349,'LJ5CCPWM9OUTB2O',4,'2015-12-08','V'),(350,'AXYOV4XJWC4H8J3',4,'2015-12-08','V'),(351,'888XZPC9G1D5W19',4,'2015-12-08','V'),(352,'7Z1HHZX2NK0DS05',4,'2015-12-08','V'),(353,'GEZNRNOG76XTCZU',4,'2015-12-08','V'),(354,'L3P55YF4CVSGGAS',4,'2015-12-08','V'),(355,'DE83KH4TAKYG8Z7',4,'2015-12-08','V'),(356,'7MJTL7N9R65I88B',4,'2015-12-08','V'),(357,'27L2V62ODAR2K4F',4,'2015-12-08','V'),(358,'IXSBWEV4JGF2B33',4,'2015-12-08','V'),(359,'VJRZR2EME8I53X2',4,'2015-12-08','V'),(360,'6IEIRWLVHXTIHUV',4,'2015-12-08','V'),(361,'IBD5A4RGSFM6IEB',4,'2015-12-08','V'),(362,'5FKGO03BN6HLFGX',4,'2015-12-08','V'),(363,'HSTYS4OML82MRHE',4,'2015-12-08','V'),(364,'1ESNDACCTM4EW5F',4,'2015-12-08','V'),(365,'AP130X1GZJDD77R',4,'2015-12-08','V'),(366,'750DRSJ0EKWTZHM',4,'2015-12-08','V'),(367,'JTZXFR29665UZW8',4,'2015-12-08','V'),(368,'6L9SD84S3KTNCW6',4,'2015-12-08','V'),(369,'FSVJJGPTZ0696GH',4,'2015-12-08','V'),(370,'S4HBOA5YVM01KN7',4,'2015-12-08','V'),(371,'TRAA1O0EV8S33R3',4,'2015-12-08','V'),(372,'HV2W6YIN9IZDACR',4,'2015-12-08','V'),(373,'HEMPZ626BOW1GKU',4,'2015-12-08','V'),(374,'LWW4OJ9FPXR0G0Z',4,'2015-12-08','V'),(375,'JA80B1KF02IDT70',4,'2015-12-08','V'),(376,'FHTJO8P2PS92LCB',4,'2015-12-08','V'),(377,'H0M6UYVR12SBKFK',4,'2015-12-08','V'),(378,'RFN0E3U84GI072V',4,'2015-12-08','V'),(379,'JJVFKGAABUD3GYI',4,'2015-12-08','V'),(380,'W8OR9DDHC4WRP4I',4,'2015-12-08','V'),(381,'YHN637E4N0MAKG0',4,'2015-12-08','V'),(382,'YCOSZX9NPS9V1WA',4,'2015-12-08','V'),(383,'47PHL57D46W3T4N',4,'2015-12-08','V'),(384,'8FB1V6NZLTGYJHJ',4,'2015-12-08','V'),(385,'X9ZACVGI7XOKZKV',4,'2015-12-08','V'),(386,'BMDP3LFGPXCTJZ6',4,'2015-12-08','V'),(387,'ZFTKOPVL692U5CY',4,'2015-12-08','V'),(388,'ETWGWW72CL5PFO0',4,'2015-12-08','V'),(389,'W7COK9BJ8PSCT4G',4,'2015-12-08','V'),(390,'ITLMV6SYPDNMYDX',4,'2015-12-08','V'),(391,'GVOLLC8CSPH78VF',4,'2015-12-08','V'),(392,'TN2I7B6R1VKKCJ4',4,'2015-12-08','V'),(393,'YS33CDPDRT5AM3K',4,'2015-12-08','V'),(394,'PXURZ46VW7NNUME',4,'2015-12-08','V'),(395,'BND0LOWJPR5LD8M',4,'2015-12-08','V'),(396,'BTYA9O8LIAZJNBG',4,'2015-12-08','V'),(397,'KUZKOL0NA2LIFTH',4,'2015-12-08','V'),(398,'JIYWJI2IXY8LFR2',4,'2015-12-08','V'),(399,'VGEMIWVK90KZCNK',4,'2015-12-08','V'),(400,'DG89YVJM78Y6BT9',4,'2015-12-08','V'),(401,'UTAV3UXJXYEPR8Z',4,'2015-12-08','V'),(402,'7KCBBWBOXMRTCAS',4,'2015-12-08','V'),(403,'VGTYKLND7LUNFUS',4,'2015-12-08','V'),(404,'G3HN2RE2FNIN959',5,'2015-12-08','V'),(405,'LT1MGRP4BC1MSBA',5,'2015-12-08','V'),(406,'OXUC9CNJS60R8ZK',5,'2015-12-08','V'),(407,'A4UL0CCT8FMDUB9',5,'2015-12-08','V'),(408,'35HB30XF5R1NH8V',5,'2015-12-08','V'),(409,'MSUUEACYLP4MBA0',5,'2015-12-08','V'),(410,'V4PC5380FWIB6JU',5,'2015-12-08','V'),(411,'4CNVRFDV1E8IDOD',5,'2015-12-08','V'),(412,'2JAC8YO97EUOR96',5,'2015-12-08','V'),(413,'S1CP3T1XPA4P970',5,'2015-12-08','V'),(414,'MTPHLYMX3S363WV',5,'2015-12-08','V'),(415,'K2E5YYWMO9FLKYM',5,'2015-12-08','V'),(416,'R0GL9SSXW9EOUB8',5,'2015-12-08','V'),(417,'GU9UE3Y32CPHITE',5,'2015-12-08','V'),(418,'1E5D5SNGU910JYG',5,'2015-12-08','V'),(419,'U9FOBGSYB2LX4KZ',5,'2015-12-08','V'),(420,'VLZJG4PCYIS013L',5,'2015-12-08','V'),(421,'LZP6RFSYIN1YIDX',5,'2015-12-08','V'),(422,'KUT7U2M96A3XK4X',5,'2015-12-08','V'),(423,'KIMC0YF1KCM95NT',5,'2015-12-08','V'),(424,'O2E1L5IYNRHK4P9',5,'2015-12-08','V'),(425,'KOEA1KMKIISL4PM',5,'2015-12-08','V'),(426,'AGXL5MAH47LMO91',5,'2015-12-08','V'),(427,'XTFCMYTPN4ZWCP0',5,'2015-12-08','V'),(428,'2ISIZIRKV6KUDWR',5,'2015-12-08','V'),(429,'BTG8NV8HZP2IS4A',5,'2015-12-08','V'),(430,'R8AR5XYT7XA9XU2',5,'2015-12-08','V'),(431,'IORGDJA87XHKUSZ',5,'2015-12-08','V'),(432,'8LLVDCEPSGKMLP4',5,'2015-12-08','V'),(433,'8LIIK0OP9HJ7ECZ',5,'2015-12-08','V'),(434,'XJ7ADVCCIWGHTPS',5,'2015-12-08','V'),(435,'J7Z1W7RECSLM9CN',5,'2015-12-08','V'),(436,'YHYI2C086PHF1WW',5,'2015-12-08','V'),(437,'7VS64BNSBOEOCND',5,'2015-12-08','V'),(438,'EBGDUUTTIZXFDCH',5,'2015-12-08','V'),(439,'OV1SC0MHS88UUHF',5,'2015-12-08','V'),(440,'JUBCUNMIELW3HJ4',5,'2015-12-08','V'),(441,'MUUP9LAPIJAJJVM',5,'2015-12-08','V'),(442,'6XBO3R3A9LWT5LZ',5,'2015-12-08','V'),(443,'1PB1DFUAMASG5P8',5,'2015-12-08','V'),(444,'STPSYXSI7BS29DA',5,'2015-12-08','V'),(445,'GBX7C3A1TUCRE9E',5,'2015-12-08','V'),(446,'TAJC50GHAN7P6VH',5,'2015-12-08','V'),(447,'AAPI5KS2KI5AE3F',5,'2015-12-08','V'),(448,'X1RP7AGLVGP73GG',5,'2015-12-08','V'),(449,'2LM6BMRUJW8VVLV',5,'2015-12-08','V'),(450,'ATG1KIRKML4U03U',5,'2015-12-08','V'),(451,'LLMKBXBKRYPK93Y',5,'2015-12-08','V'),(452,'SPDKWF9P59OY9J6',5,'2015-12-08','V'),(453,'DG5MLFDJOF4X95N',5,'2015-12-08','V'),(454,'7EUXCP66U9FAMO9',5,'2015-12-08','V'),(455,'M71Y1IX6T2F5UT6',5,'2015-12-08','V'),(456,'LG68SH68CA97KPF',5,'2015-12-08','V'),(457,'S6442BAALSMGJRY',5,'2015-12-08','V'),(458,'JGYL1GKGW4ETLIL',5,'2015-12-08','V'),(459,'I49XYWGKYYO9UP2',5,'2015-12-08','V'),(460,'7F5555R29SGDBOS',5,'2015-12-08','V'),(461,'7ION4K6K8OYG5LD',5,'2015-12-08','V'),(462,'UXJBM672C0UHY04',5,'2015-12-08','V'),(463,'YV9A93C3S4DOCVY',5,'2015-12-08','V'),(464,'VBU6SJ0L6CUC9K9',5,'2015-12-08','V'),(465,'0TKTOY6EYGRIXK4',5,'2015-12-08','V'),(466,'55YMPSV59E0062K',5,'2015-12-08','V'),(467,'1HECKMHHHKXR3TT',5,'2015-12-08','V'),(468,'B9APYCHSU5DJO1E',5,'2015-12-08','V'),(469,'5SVK5RYBNW5MAWT',5,'2015-12-08','V'),(470,'Z3YSBOTE45NHC3A',5,'2015-12-08','V'),(471,'FHLU2IA2OW867J0',5,'2015-12-08','V'),(472,'WX0RFO70JUMWD88',5,'2015-12-08','V'),(473,'0P8HGSMCT8UB6BM',5,'2015-12-08','V'),(474,'C4SDXSTYZO5N01Z',5,'2015-12-08','V'),(475,'CZB2DBNKL2O9BNG',5,'2015-12-08','V'),(476,'CF1LJ8P62KMSMU9',5,'2015-12-08','V'),(477,'IGUKZ9X299XNY77',5,'2015-12-08','V'),(478,'U59LLG6GDY6L58Z',5,'2015-12-08','V'),(479,'EEDTO21CUN8UM4K',5,'2015-12-08','V'),(480,'0GX7151OO2X360J',5,'2015-12-08','V'),(481,'17CEM0YFFA44K9P',5,'2015-12-08','V'),(482,'GLN3VMO2BA31BM2',5,'2015-12-08','V'),(483,'ST8BNA93JO84SH9',5,'2015-12-08','V'),(484,'K6NZ73NG8DH9CDL',5,'2015-12-08','V'),(485,'ITXZTBC182JTETT',5,'2015-12-08','V'),(486,'PDS0RRMGDMM2JMH',5,'2015-12-08','V'),(487,'3STFFZS6FNLXWSY',5,'2015-12-08','V'),(488,'E7TUU7OWX8Y7X3H',5,'2015-12-08','V'),(489,'CI6TGXBW3WV6CMM',5,'2015-12-08','V'),(490,'NVU0SNRSJE3CD42',5,'2015-12-08','V'),(491,'IAGENPHBLNSIOJH',5,'2015-12-08','V'),(492,'8RE565MWKR9A5VO',5,'2015-12-08','V'),(493,'F3BZX6IIWJ8BV0V',5,'2015-12-08','V'),(494,'TZO80TDOCG92UJ2',5,'2015-12-08','V'),(495,'PW40HISTP6NO9UB',5,'2015-12-08','V'),(496,'CFYU13HVGLYFUSA',5,'2015-12-08','V'),(497,'6VZZ6S2Y0BBPTON',5,'2015-12-08','V'),(498,'84KDY39CV9EWFS9',5,'2015-12-08','V'),(499,'VM6ILXLFZ9MPA4B',5,'2015-12-08','V'),(500,'JFHBOOUPCY428JS',5,'2015-12-08','V'),(501,'HKBUK2LPEZ9FLZM',5,'2015-12-08','V'),(502,'E8AKMWODLPBY88Y',5,'2015-12-08','V'),(503,'K0KR5XBH0FLDYHY',5,'2015-12-08','V'),(504,'A2LR09HYAVLSCPW',6,'2015-12-08','V'),(505,'UV4U73ZEHRL2S1U',6,'2015-12-08','V'),(506,'SON119W1S5E6HDF',6,'2015-12-08','V'),(507,'B4MOS6XEFLVALWL',6,'2015-12-08','V'),(508,'J5YNYDB6M6XPDV8',6,'2015-12-08','V'),(509,'DEB9SEUE0L9OMPZ',6,'2015-12-08','V'),(510,'KSYT0024HF9OYN8',6,'2015-12-08','V'),(511,'YVR8N8BZ8IGNGNS',6,'2015-12-08','V'),(512,'0R5B8VYR37I3RLU',6,'2015-12-08','V'),(513,'ZZDDHYE48F0HBK2',6,'2015-12-08','V'),(514,'HA6VK9EARUZNF45',6,'2015-12-08','V'),(515,'VLOK7RMJIVJR6CI',6,'2015-12-08','V'),(516,'E0768DXKF3FBRI7',6,'2015-12-08','V'),(517,'IDH9R2D0410G7YP',6,'2015-12-08','V'),(518,'243CSF5839B9Z6D',6,'2015-12-08','V'),(519,'RWAIIS7FY5ZDVY8',6,'2015-12-08','V'),(520,'1LN2N282YH6B4TE',6,'2015-12-08','V'),(521,'EWCEFIX61NW58K3',6,'2015-12-08','V'),(522,'BNZW5E34K2L44RS',6,'2015-12-08','V'),(523,'RP0ABUZDOG8S71V',6,'2015-12-08','V'),(524,'NPKGTKH4EKTG54X',6,'2015-12-08','V'),(525,'JA1W0JN4V4ULTRW',6,'2015-12-08','V'),(526,'TUMOOMILP7KEV8K',6,'2015-12-08','V'),(527,'IMROPYCODA5RCMR',6,'2015-12-08','V'),(528,'LYF7H2N630TOMMU',6,'2015-12-08','V'),(529,'CV97AZSV2PGBT98',6,'2015-12-08','V'),(530,'I2CEYY7TJ3JSTIK',6,'2015-12-08','V'),(531,'7NV1DM856N6LY8U',6,'2015-12-08','V'),(532,'MIASY7B3TXADVYM',6,'2015-12-08','V'),(533,'PE5DR3WYI6ZCNCT',6,'2015-12-08','V'),(534,'18W5YUFEKK9EW12',6,'2015-12-08','V'),(535,'HDB3HZ00S5726XI',6,'2015-12-08','V'),(536,'00O006GATZPFL9D',6,'2015-12-08','V'),(537,'35EZAM7FNT189VP',6,'2015-12-08','V'),(538,'CRIL850KV41XPOU',6,'2015-12-08','V'),(539,'HRH3OFM3ARNGN6P',6,'2015-12-08','V'),(540,'IMMCWKMOVC4B58L',6,'2015-12-08','V'),(541,'BX40AXCTCDRZ21N',6,'2015-12-08','V'),(542,'ZI1YTB6XXKMHAW4',6,'2015-12-08','V'),(543,'XCBW34GMD1FKK2T',6,'2015-12-08','V'),(544,'F1OOFLVOBN3V80A',6,'2015-12-08','V'),(545,'UZZZOPG307S4WMS',6,'2015-12-08','V'),(546,'0YRS99PNTEBR4IR',6,'2015-12-08','V'),(547,'W75PFHFF7ZXNK3P',6,'2015-12-08','V'),(548,'KCVGXXO6W3LI781',6,'2015-12-08','V'),(549,'J45ZVB8VJ1BP7ZP',6,'2015-12-08','V'),(550,'YYDBJCYE0HXWA0Z',6,'2015-12-08','V'),(551,'2UYDTLXTF41ITBV',6,'2015-12-08','V'),(552,'69NI2M5LVA76T2U',6,'2015-12-08','V'),(553,'VLAHPHU5D609XVN',6,'2015-12-08','V'),(554,'TX969HMCL8NJA8L',6,'2015-12-08','V'),(555,'L934W1VH7J7EY95',6,'2015-12-08','V'),(556,'2W6C7GRU2FY9C68',6,'2015-12-08','V'),(557,'N9JKOIVFEDZTEI9',6,'2015-12-08','V'),(558,'5S5IF4143JDW5MW',6,'2015-12-08','V'),(559,'61GSURNS7PA44YZ',6,'2015-12-08','V'),(560,'HYXS4HJAR5BMKP8',6,'2015-12-08','V'),(561,'EBJRN6IT0XXWKRM',6,'2015-12-08','V'),(562,'ZXC0J5ZVIUBJF3M',6,'2015-12-08','V'),(563,'X7ILBB7GJPRY1X8',6,'2015-12-08','V'),(564,'8JW83G1WOLERSCE',6,'2015-12-08','V'),(565,'YKH11SFR5MZIVUH',6,'2015-12-08','V'),(566,'U9LTNYO9F0AP513',6,'2015-12-08','V'),(567,'H95DGRXUY2GNS7B',6,'2015-12-08','V'),(568,'LCMNVGA06GOHR7R',6,'2015-12-08','V'),(569,'PB1ZR2SB6RT95JY',6,'2015-12-08','V'),(570,'S68KAFZGUGI1TD3',6,'2015-12-08','V'),(571,'28RDYKPMHSUJ2C7',6,'2015-12-08','V'),(572,'CI7ER5UKZV7ASYU',6,'2015-12-08','V'),(573,'LBAL6C8212K4U7O',6,'2015-12-08','V'),(574,'AM0FH15484VMHHV',6,'2015-12-08','V'),(575,'AO8EXVZ5WERD1B8',6,'2015-12-08','V'),(576,'RO3FIRN0EHI0LSM',6,'2015-12-08','V'),(577,'2VZG8DWZ4VXMVJV',6,'2015-12-08','V'),(578,'EZ63TLXEPCJ7OA8',6,'2015-12-08','V'),(579,'AN0P13L79YNFBPB',6,'2015-12-08','V'),(580,'M2D4GUC67GN3JAR',6,'2015-12-08','V'),(581,'YP6JBGGLCX0UKW4',6,'2015-12-08','V'),(582,'P5JN7MMYT4DWG6F',6,'2015-12-08','V'),(583,'SMZ3GB12AZGI4KW',6,'2015-12-08','V'),(584,'89JDDLXIOG4EEO5',6,'2015-12-08','V'),(585,'N7LFDC3Z3JH8YZL',6,'2015-12-08','V'),(586,'6JFTAY2YHSLCB3A',6,'2015-12-08','V'),(587,'VOIVU35H4HJW1DU',6,'2015-12-08','V'),(588,'BGNKHPWXLMZEELD',6,'2015-12-08','V'),(589,'53E4RDFMAGIWD4Z',6,'2015-12-08','V'),(590,'D2JO10G0C92PAF2',6,'2015-12-08','V'),(591,'8BKRBFCRE2TCA6K',6,'2015-12-08','V'),(592,'8A9OMBATANPZD6I',6,'2015-12-08','V'),(593,'TM85E9MLC1RCP3F',6,'2015-12-08','V'),(594,'B58Z0OLAEZZOY2J',6,'2015-12-08','V'),(595,'0LK1LUKNBNO5GH0',6,'2015-12-08','V'),(596,'PYC332M2GNDIJ31',6,'2015-12-08','V'),(597,'IL7JOCCE5YCKF6K',6,'2015-12-08','V'),(598,'JM8U8ETH5T6E9F0',6,'2015-12-08','V'),(599,'W0DJTD7IHV24SEI',6,'2015-12-08','V'),(600,'21GNL304FBJXSI0',6,'2015-12-08','V'),(601,'PC1VKCR33JZ6D5K',6,'2015-12-08','V'),(602,'20UW82URN6XHTF8',6,'2015-12-08','V'),(603,'0LDJKK623OCHVD2',6,'2015-12-08','V'),(604,'5A7SIZ41TCWGTR0',7,'2015-12-08','V'),(605,'5N0EO4GL6FZK69W',7,'2015-12-08','V'),(606,'PUV13OZS3WRYPZZ',7,'2015-12-08','V'),(607,'VF3TF8S0XI6T8CV',7,'2015-12-08','V'),(608,'WO4YG5UZAXY3KWF',7,'2015-12-08','V'),(609,'V0DREU8W9SSBK2W',7,'2015-12-08','V'),(610,'ZYCWDFYMFNHGNO9',7,'2015-12-08','V'),(611,'804X9Y2REG4F0ZD',7,'2015-12-08','V'),(612,'6XIEPGHBAHXOKD9',7,'2015-12-08','V'),(613,'MTXGRPI14IYWCYL',7,'2015-12-08','V'),(614,'II6AX8YEIJHRA4I',7,'2015-12-08','V'),(615,'NRZ90TSE5ZK6V6Y',7,'2015-12-08','V'),(616,'BKX1126E2PE6KCJ',7,'2015-12-08','V'),(617,'WCB3OJG05Y5SDP6',7,'2015-12-08','V'),(618,'DYLX8YT7B01E56J',7,'2015-12-08','V'),(619,'CN22CBSRA3XDIHJ',7,'2015-12-08','V'),(620,'4UEAPMD8EPCYWGS',7,'2015-12-08','V'),(621,'JEOMLMSE9TI22N9',7,'2015-12-08','V'),(622,'24EWC1RRFVXM89M',7,'2015-12-08','V'),(623,'XAA4FII3JE3R3WK',7,'2015-12-08','V'),(624,'UEH1JB54M7CWAW0',7,'2015-12-08','V'),(625,'Y8PNEPJ9TEP8AJ1',7,'2015-12-08','V'),(626,'LGVWTCK4ULE24AJ',7,'2015-12-08','V'),(627,'JN1PXXW61VHL8ZW',7,'2015-12-08','V'),(628,'8D7PTS01HADG19S',7,'2015-12-08','V'),(629,'3NJ6H3H2SIWCIO5',7,'2015-12-08','V'),(630,'KVT3NCL1239UTOJ',7,'2015-12-08','V'),(631,'VB8NYKBBF20R5PY',7,'2015-12-08','V'),(632,'MF1785ZC9N1IXS4',7,'2015-12-08','V'),(633,'AYURRJPVHFRYMUR',7,'2015-12-08','V'),(634,'ZRG3EXJL7RTNUBG',7,'2015-12-08','V'),(635,'2A9761NAV03EFOM',7,'2015-12-08','V'),(636,'TR3W64M0RFAH81J',7,'2015-12-08','V'),(637,'IVRCMCX6XXD119H',7,'2015-12-08','V'),(638,'C0M33FRJPGTN8MI',7,'2015-12-08','V'),(639,'T325T9CD08KE9XC',7,'2015-12-08','V'),(640,'0YURCUYD7BOAR83',7,'2015-12-08','V'),(641,'5OXJ0A83G9H5LSJ',7,'2015-12-08','V'),(642,'O1LR8VYYONIHJIJ',7,'2015-12-08','V'),(643,'6S1RFVBB1RY0BX0',7,'2015-12-08','V'),(644,'16C43YHCFFABP09',7,'2015-12-08','V'),(645,'38IDANA2087BTNJ',7,'2015-12-08','V'),(646,'KS57VKGHL8SATDT',7,'2015-12-08','V'),(647,'XV2T8UXGJ420RR1',7,'2015-12-08','V'),(648,'654Y5L9EOFLGZJ5',7,'2015-12-08','V'),(649,'SR7CE8B6Y462HNN',7,'2015-12-08','V'),(650,'1MJ4JG1DJKTRH32',7,'2015-12-08','V'),(651,'5EKKVO4JSDBO6WA',7,'2015-12-08','V'),(652,'7Z8LUGUDSIO6SG9',7,'2015-12-08','V'),(653,'315IRAWX7PLG33J',7,'2015-12-08','V'),(654,'KHLM9ZZ60ME1P4M',7,'2015-12-08','V'),(655,'IWGWHIAVB1NTTF8',7,'2015-12-08','V'),(656,'EB51WO7OZA1AWXL',7,'2015-12-08','V'),(657,'FDYE7L8D7B30IPD',7,'2015-12-08','V'),(658,'9RKFLZ140TVRYB9',7,'2015-12-08','V'),(659,'6D4ZSSB7C4HM9VP',7,'2015-12-08','V'),(660,'JCZMLYX92XOAMLP',7,'2015-12-08','V'),(661,'PIU17GZ1UNUP5US',7,'2015-12-08','V'),(662,'KB8NJWIU4YZ3849',7,'2015-12-08','V'),(663,'UEHNVJNUI6O0O87',7,'2015-12-08','V'),(664,'XO6ASD0IB360RMN',7,'2015-12-08','V'),(665,'CSEXNN8YH2G6Y8X',7,'2015-12-08','V'),(666,'KLVZNL8GCI0O4FE',7,'2015-12-08','V'),(667,'KZZ6DC6I07N5S2J',7,'2015-12-08','V'),(668,'BJUEOM0BJXJXJPY',7,'2015-12-08','V'),(669,'9YV5YFRM395D95G',7,'2015-12-08','V'),(670,'TJAIYKEN8FPRMNZ',7,'2015-12-08','V'),(671,'3MFCJ7AKGTCWND7',7,'2015-12-08','V'),(672,'0JFX4WY4Z3BWSYL',7,'2015-12-08','V'),(673,'T9U70ML51LJU0EK',7,'2015-12-08','V'),(674,'AIRZYNUMT1FVBPP',7,'2015-12-08','V'),(675,'IFBFZNXS0Y5H1R1',7,'2015-12-08','V'),(676,'SU27CTBSFRJBR15',7,'2015-12-08','V'),(677,'YIH57HGZ8TTLL9V',7,'2015-12-08','V'),(678,'JF0HOAUZKAW850Y',7,'2015-12-08','V'),(679,'JWI8TPGEC6XP06G',7,'2015-12-08','V'),(680,'W3775H8R6JP583N',7,'2015-12-08','V'),(681,'11GHHSI737L8ZHJ',7,'2015-12-08','V'),(682,'LOEORC5WMKFHPEG',7,'2015-12-08','V'),(683,'B0GZRYU7LI4V86E',7,'2015-12-08','V'),(684,'5GWATN5W0NWRITL',7,'2015-12-08','V'),(685,'0JY98TEBJI2RHE8',7,'2015-12-08','V'),(686,'07OS3A20FSST1CI',7,'2015-12-08','V'),(687,'HD0IXDEIGJMPWU9',7,'2015-12-08','V'),(688,'ULOE3F5M7PL2DB2',7,'2015-12-08','V'),(689,'ADK0DDADY3VM3S3',7,'2015-12-08','V'),(690,'SE4C9YDH2D7UMPW',7,'2015-12-08','V'),(691,'7ZL30I4318VJMLX',7,'2015-12-08','V'),(692,'POLXAHPWIXVG3AJ',7,'2015-12-08','V'),(693,'R9HRAPUW8O5Z6VT',7,'2015-12-08','V'),(694,'G5IMBTC017JPJYV',7,'2015-12-08','V'),(695,'5C5I4DD705R5MKU',7,'2015-12-08','V'),(696,'3C6R7ZX29V8WGW3',7,'2015-12-08','V'),(697,'TID0XM5XUJK9LHH',7,'2015-12-08','V'),(698,'3V58SOSNDO24AY8',7,'2015-12-08','V'),(699,'FI11ZJ2MJANSIAV',7,'2015-12-08','V'),(700,'PPFA4I917RPOPR8',7,'2015-12-08','V'),(701,'DWDUMEYYLIBKUWU',7,'2015-12-08','V'),(702,'6HTCO3Y6LRI7X3A',7,'2015-12-08','V'),(703,'R26FN0LOA8H9GPF',7,'2015-12-08','V'),(704,'92XAKV3FLH64LS5',8,'2015-12-08','V'),(705,'094F4UB23ZPF0Z5',8,'2015-12-08','V'),(706,'KGH0XJT3GUKSNG1',8,'2015-12-08','V'),(707,'VH0YRDJH8CODOVI',8,'2015-12-08','V'),(708,'UXVNLBT5WPPMEF0',8,'2015-12-08','V'),(709,'6CBOEHR7C0IJNM1',8,'2015-12-08','V'),(710,'5FL208K0K5VOUT3',8,'2015-12-08','V'),(711,'G89J5S5X4WJE7K1',8,'2015-12-08','V'),(712,'SRBP7K16G37IO2T',8,'2015-12-08','V'),(713,'CNVCRLDRA7WG3O9',8,'2015-12-08','V'),(714,'IRTUCCPHXH6IP9E',8,'2015-12-08','V'),(715,'TO94NBKJYKTD0X1',8,'2015-12-08','V'),(716,'VOBVOB9D3RO7TC3',8,'2015-12-08','V'),(717,'D0XFJGT6SCWAOFI',8,'2015-12-08','V'),(718,'8CWH0CF51SCEC99',8,'2015-12-08','V'),(719,'ICWGE18NCWD18VY',8,'2015-12-08','V'),(720,'CDF1SNJ73DPJGEV',8,'2015-12-08','V'),(721,'PM3HRT9I9R9HCLY',8,'2015-12-08','V'),(722,'BK5MH3K7ZFLZ8PG',8,'2015-12-08','V'),(723,'T9JV1H01HWOOJZO',8,'2015-12-08','V'),(724,'11NLT9FI84A1ZYN',8,'2015-12-08','V'),(725,'8CKIRZCDL445GI7',8,'2015-12-08','V'),(726,'BECGVZC99BRFG09',8,'2015-12-08','V'),(727,'AY53POBY14L339M',8,'2015-12-08','V'),(728,'78JHJBYRSNYH53I',8,'2015-12-08','V'),(729,'DE14EP8O9T3RZYG',8,'2015-12-08','V'),(730,'96TMMYLIXV2EI2F',8,'2015-12-08','V'),(731,'5F3E45274LKJJ9P',8,'2015-12-08','V'),(732,'N7438FMSJ3RD8IZ',8,'2015-12-08','V'),(733,'0LK97AK23KEDA5C',8,'2015-12-08','V'),(734,'MU9BVDKKG0C2G9A',8,'2015-12-08','V'),(735,'1AAMDXN2FVHU10C',8,'2015-12-08','V'),(736,'MJWCPTG2S47K1D1',8,'2015-12-08','V'),(737,'I7XHZIJHIONI9Y2',8,'2015-12-08','V'),(738,'JT04172NZ3V1TJL',8,'2015-12-08','V'),(739,'3H606J1B3XR792F',8,'2015-12-08','V'),(740,'YGYM821GAWBITB9',8,'2015-12-08','V'),(741,'W16U6OSHGZ17DL8',8,'2015-12-08','V'),(742,'GYU87UCDX3DIKBM',8,'2015-12-08','V'),(743,'ZMLCM2K8TBAHBEC',8,'2015-12-08','V'),(744,'VKRVKDCEB2O2CHO',8,'2015-12-08','V'),(745,'GB0VOIG5BM60GW0',8,'2015-12-08','V'),(746,'GO0AX47WDC64BF6',8,'2015-12-08','V'),(747,'VO0XFY5KN3GYXK0',8,'2015-12-08','V'),(748,'62DF1DYSOSANXKT',8,'2015-12-08','V'),(749,'6WLJXC7X0I8XZ42',8,'2015-12-08','V'),(750,'1YCH6IXVVT222DI',8,'2015-12-08','V'),(751,'D7BHPA8ODS7C7MV',8,'2015-12-08','V'),(752,'5JC9DAV0OPN7BOO',8,'2015-12-08','V'),(753,'F0KGTY7WWWWHT1I',8,'2015-12-08','V'),(754,'843FJY9GEVBXBZF',8,'2015-12-08','V'),(755,'P7WD5KNA2EYZT3S',8,'2015-12-08','V'),(756,'K8ORVOL020U3UIV',8,'2015-12-08','V'),(757,'5F3LPL3LXIARCX3',8,'2015-12-08','V'),(758,'K31B0SJBJFPX5O8',8,'2015-12-08','V'),(759,'H9NBVWXPEHJLW05',8,'2015-12-08','V'),(760,'RRXTCS853BD888B',8,'2015-12-08','V'),(761,'OHUJK201HO38JKW',8,'2015-12-08','V'),(762,'4BGS5WILBXIO2FM',8,'2015-12-08','V'),(763,'WD1MKPUOJ2FJ5VW',8,'2015-12-08','V'),(764,'F94V179DKT91TGM',8,'2015-12-08','V'),(765,'ZXYBSMNRH7FYRAK',8,'2015-12-08','V'),(766,'DN50ZSHZ87IE4JZ',8,'2015-12-08','V'),(767,'K3X3D4VI5NIKOPG',8,'2015-12-08','V'),(768,'WERSP3P2T53FBCT',8,'2015-12-08','V'),(769,'F13E846SCAZGXTC',8,'2015-12-08','V'),(770,'DIDL097LBP0NT00',8,'2015-12-08','V'),(771,'OEOYYLW0CC7Y74O',8,'2015-12-08','V'),(772,'YCWZR555JGUS3KE',8,'2015-12-08','V'),(773,'ZKDVCR7NYTWSFGT',8,'2015-12-08','V'),(774,'NUYRATZ35DRO661',8,'2015-12-08','V'),(775,'VWB0G7CEULEGU21',8,'2015-12-08','V'),(776,'US2DTIK02E10VAF',8,'2015-12-08','V'),(777,'ZVI81BXERYUF7Z4',8,'2015-12-08','V'),(778,'9044C9JNPK24S0U',8,'2015-12-08','V'),(779,'AJ5KJG4IRHHD74D',8,'2015-12-08','V'),(780,'DTBD8UIJ66RIX6F',8,'2015-12-08','V'),(781,'DNNJO5ZJKKYGMNZ',8,'2015-12-08','V'),(782,'OYNV839YK7O3MUN',8,'2015-12-08','V'),(783,'LX4DDELLRJEIJA5',8,'2015-12-08','V'),(784,'U35VU9175EG82CE',8,'2015-12-08','V'),(785,'J9FB8ZH5WXXDMBH',8,'2015-12-08','V'),(786,'01WLG6V2POX99MB',8,'2015-12-08','V'),(787,'Z2LRLKPFZRK4F48',8,'2015-12-08','V'),(788,'0UKATHMVR99JJHX',8,'2015-12-08','V'),(789,'EF0K236OLSV9L7C',8,'2015-12-08','V'),(790,'P6KI1XLPPXJTOS2',8,'2015-12-08','V'),(791,'2GJFEZWC4OU03L1',8,'2015-12-08','V'),(792,'5M6I0LDYACNC6P0',8,'2015-12-08','V'),(793,'DG1W3A693FFKG3O',8,'2015-12-08','V'),(794,'VTZAJ8B2KBUDH5P',8,'2015-12-08','V'),(795,'16CPE6Z2BENF4CG',8,'2015-12-08','V'),(796,'2OZZOBSBIWN38R6',8,'2015-12-08','V'),(797,'C4O8PV4B9OUELA7',8,'2015-12-08','V'),(798,'ZUX2ZI9RVSK4M7J',8,'2015-12-08','V'),(799,'HRWER6FW7DX6PBX',8,'2015-12-08','V'),(800,'0MHKMSUFPIUMHOG',8,'2015-12-08','V'),(801,'PPM6UJ6ZJSOAYJ0',8,'2015-12-08','V'),(802,'3MMGVO7WKP1OOUB',8,'2015-12-08','V'),(803,'M6LR4I5LZN1II2C',8,'2015-12-08','V');
/*!40000 ALTER TABLE `tans` ENABLE KEYS */;
UNLOCK TABLES;

--
-- Temporary table structure for view `transaction_view`
--

DROP TABLE IF EXISTS `transaction_view`;
/*!50001 DROP VIEW IF EXISTS `transaction_view`*/;
SET @saved_cs_client     = @@character_set_client;
SET character_set_client = utf8;
/*!50001 CREATE TABLE `transaction_view` (
  `ID` tinyint NOT NULL,
  `SENDER_ACCOUNT` tinyint NOT NULL,
  `RECIPIENT_ACCOUNT` tinyint NOT NULL,
  `AMOUNT` tinyint NOT NULL,
  `DESCRIPTION` tinyint NOT NULL,
  `STATUS` tinyint NOT NULL,
  `DATE_CREATED` tinyint NOT NULL,
  `APPROVED_BY` tinyint NOT NULL,
  `DATE_APPROVED` tinyint NOT NULL,
  `TAN_ID` tinyint NOT NULL,
  `TAN_STATUS` tinyint NOT NULL,
  `TAN_NUMBER` tinyint NOT NULL,
  `SENDER_ACCOUNT_NUM` tinyint NOT NULL,
  `RECIPIENT_ACCOUNT_NUM` tinyint NOT NULL,
  `APPROVED_BY_NAME` tinyint NOT NULL,
  `SENDER_NAME` tinyint NOT NULL,
  `RECIPIENT_NAME` tinyint NOT NULL
) ENGINE=MyISAM */;
SET character_set_client = @saved_cs_client;

--
-- Table structure for table `transactions`
--

DROP TABLE IF EXISTS `transactions`;
/*!40101 SET @saved_cs_client     = @@character_set_client */;
/*!40101 SET character_set_client = utf8 */;
CREATE TABLE `transactions` (
  `ID` int(11) NOT NULL AUTO_INCREMENT,
  `SENDER_ACCOUNT` int(11) NOT NULL,
  `RECIPIENT_ACCOUNT` int(11) NOT NULL,
  `AMOUNT` double NOT NULL,
  `DESCRIPTION` varchar(100) NOT NULL,
  `STATUS` varchar(1) NOT NULL,
  `TAN_ID` int(11) NOT NULL,
  `APPROVED_BY` int(11) DEFAULT NULL,
  `DATE_APPROVED` date DEFAULT NULL,
  `DATE_CREATED` date NOT NULL,
  PRIMARY KEY (`ID`),
  UNIQUE KEY `TAN_ID_UNIQUE` (`TAN_ID`),
  KEY `FK_SENDER_ACCOUNT_idx` (`SENDER_ACCOUNT`),
  KEY `FK_RECIPIENT_ACCOUNT_idx` (`RECIPIENT_ACCOUNT`),
  KEY `FK_APPROVED_BY_idx` (`APPROVED_BY`),
  CONSTRAINT `FK_APPROVED_BY` FOREIGN KEY (`APPROVED_BY`) REFERENCES `users` (`ID`) ON DELETE NO ACTION ON UPDATE NO ACTION,
  CONSTRAINT `FK_RECIPIENT_ACCOUNT` FOREIGN KEY (`RECIPIENT_ACCOUNT`) REFERENCES `accounts` (`ID`) ON DELETE NO ACTION ON UPDATE NO ACTION,
  CONSTRAINT `FK_SENDER_ACCOUNT` FOREIGN KEY (`SENDER_ACCOUNT`) REFERENCES `accounts` (`ID`) ON DELETE NO ACTION ON UPDATE NO ACTION,
  CONSTRAINT `FK_TAN_ID` FOREIGN KEY (`TAN_ID`) REFERENCES `tans` (`ID`) ON DELETE NO ACTION ON UPDATE NO ACTION
) ENGINE=InnoDB AUTO_INCREMENT=9 DEFAULT CHARSET=latin1;
/*!40101 SET character_set_client = @saved_cs_client */;

--
-- Dumping data for table `transactions`
--

LOCK TABLES `transactions` WRITE;
/*!40000 ALTER TABLE `transactions` DISABLE KEYS */;
INSERT INTO `transactions` VALUES (6,1,3,905,'Rent deposit','A',104,6,'2015-11-01','2015-11-01'),(8,1,3,25000,'Rent deposit','A',106,7,'2015-11-02','2015-11-01');
/*!40000 ALTER TABLE `transactions` ENABLE KEYS */;
UNLOCK TABLES;

--
-- Table structure for table `users`
--

DROP TABLE IF EXISTS `users`;
/*!40101 SET @saved_cs_client     = @@character_set_client */;
/*!40101 SET character_set_client = utf8 */;
CREATE TABLE `users` (
  `ID` int(11) NOT NULL AUTO_INCREMENT,
  `USER_TYPE` varchar(1) NOT NULL,
  `EMAIL` varchar(100) NOT NULL,
  `PASSWORD` varchar(100) CHARACTER SET utf8 NOT NULL,
  `FIRST_NAME` varchar(100) CHARACTER SET utf8 NOT NULL,
  `LAST_NAME` varchar(100) CHARACTER SET utf8 NOT NULL,
  `DATE_CREATED` date NOT NULL,
  `DATE_APPROVED` date DEFAULT NULL,
  `APPROVED_BY` int(11) DEFAULT NULL,
  PRIMARY KEY (`ID`),
  UNIQUE KEY `EMAIL_UNIQUE` (`EMAIL`)
) ENGINE=InnoDB AUTO_INCREMENT=14 DEFAULT CHARSET=latin1;
/*!40101 SET character_set_client = @saved_cs_client */;

--
-- Dumping data for table `users`
--

LOCK TABLES `users` WRITE;
/*!40000 ALTER TABLE `users` DISABLE KEYS */;
INSERT INTO `users` VALUES (6,'S','system','1a1dc91c907325c69271ddf0c944bc72','System','Account','2015-10-26','2015-10-26',0),(7,'E','amadasun@in.tum.de','1a1dc91c907325c69271ddf0c944bc72','Efe','Amadasun','2015-10-31','2015-10-31',6),(13,'C','amadasun@cs.tum.edu','1a1dc91c907325c69271ddf0c944bc72','John','Doe','2015-12-08','2015-12-08',7);
/*!40000 ALTER TABLE `users` ENABLE KEYS */;
UNLOCK TABLES;

--
-- Temporary table structure for view `users_view`
--

DROP TABLE IF EXISTS `users_view`;
/*!50001 DROP VIEW IF EXISTS `users_view`*/;
SET @saved_cs_client     = @@character_set_client;
SET character_set_client = utf8;
/*!50001 CREATE TABLE `users_view` (
  `ID` tinyint NOT NULL,
  `USER_TYPE` tinyint NOT NULL,
  `EMAIL` tinyint NOT NULL,
  `FIRST_NAME` tinyint NOT NULL,
  `LAST_NAME` tinyint NOT NULL,
  `DATE_CREATED` tinyint NOT NULL,
  `DATE_APPROVED` tinyint NOT NULL,
  `APPROVED_BY` tinyint NOT NULL,
  `ACCOUNT_ID` tinyint NOT NULL,
  `ACCOUNT_NUMBER` tinyint NOT NULL,
  `BALANCE` tinyint NOT NULL
) ENGINE=MyISAM */;
SET character_set_client = @saved_cs_client;

--
-- Final view structure for view `transaction_view`
--

/*!50001 DROP TABLE IF EXISTS `transaction_view`*/;
/*!50001 DROP VIEW IF EXISTS `transaction_view`*/;
/*!50001 SET @saved_cs_client          = @@character_set_client */;
/*!50001 SET @saved_cs_results         = @@character_set_results */;
/*!50001 SET @saved_col_connection     = @@collation_connection */;
/*!50001 SET character_set_client      = utf8 */;
/*!50001 SET character_set_results     = utf8 */;
/*!50001 SET collation_connection      = utf8_general_ci */;
/*!50001 CREATE ALGORITHM=UNDEFINED */
/*!50013 DEFINER=`root`@`localhost` SQL SECURITY DEFINER */
/*!50001 VIEW `transaction_view` AS select `t`.`ID` AS `ID`,`t`.`SENDER_ACCOUNT` AS `SENDER_ACCOUNT`,`t`.`RECIPIENT_ACCOUNT` AS `RECIPIENT_ACCOUNT`,`t`.`AMOUNT` AS `AMOUNT`,`t`.`DESCRIPTION` AS `DESCRIPTION`,`t`.`STATUS` AS `STATUS`,`t`.`DATE_CREATED` AS `DATE_CREATED`,`t`.`APPROVED_BY` AS `APPROVED_BY`,`t`.`DATE_APPROVED` AS `DATE_APPROVED`,`t`.`TAN_ID` AS `TAN_ID`,`ta`.`STATUS` AS `TAN_STATUS`,`ta`.`TAN_NUMBER` AS `TAN_NUMBER`,`a1`.`ACCOUNT_NUMBER` AS `SENDER_ACCOUNT_NUM`,`a2`.`ACCOUNT_NUMBER` AS `RECIPIENT_ACCOUNT_NUM`,concat(`u`.`FIRST_NAME`,' ',`u`.`LAST_NAME`) AS `APPROVED_BY_NAME`,concat(`u1`.`FIRST_NAME`,' ',`u1`.`LAST_NAME`) AS `SENDER_NAME`,concat(`u2`.`FIRST_NAME`,' ',`u2`.`LAST_NAME`) AS `RECIPIENT_NAME` from ((((((`transactions` `t` join `tans` `ta` on((`t`.`TAN_ID` = `ta`.`ID`))) join `accounts` `a1` on((`a1`.`ID` = `t`.`SENDER_ACCOUNT`))) join `accounts` `a2` on((`a2`.`ID` = `t`.`RECIPIENT_ACCOUNT`))) left join `users` `u` on((`u`.`ID` = `t`.`APPROVED_BY`))) left join `users` `u1` on((`u1`.`ID` = `a1`.`USER`))) left join `users` `u2` on((`u2`.`ID` = `a2`.`USER`))) */;
/*!50001 SET character_set_client      = @saved_cs_client */;
/*!50001 SET character_set_results     = @saved_cs_results */;
/*!50001 SET collation_connection      = @saved_col_connection */;

--
-- Final view structure for view `users_view`
--

/*!50001 DROP TABLE IF EXISTS `users_view`*/;
/*!50001 DROP VIEW IF EXISTS `users_view`*/;
/*!50001 SET @saved_cs_client          = @@character_set_client */;
/*!50001 SET @saved_cs_results         = @@character_set_results */;
/*!50001 SET @saved_col_connection     = @@collation_connection */;
/*!50001 SET character_set_client      = utf8 */;
/*!50001 SET character_set_results     = utf8 */;
/*!50001 SET collation_connection      = utf8_general_ci */;
/*!50001 CREATE ALGORITHM=UNDEFINED */
/*!50013 DEFINER=`root`@`localhost` SQL SECURITY DEFINER */
/*!50001 VIEW `users_view` AS select `u`.`ID` AS `ID`,`u`.`USER_TYPE` AS `USER_TYPE`,`u`.`EMAIL` AS `EMAIL`,`u`.`FIRST_NAME` AS `FIRST_NAME`,`u`.`LAST_NAME` AS `LAST_NAME`,`u`.`DATE_CREATED` AS `DATE_CREATED`,`u`.`DATE_APPROVED` AS `DATE_APPROVED`,(select concat(`users`.`FIRST_NAME`,' ',`users`.`LAST_NAME`) from `users` where (`users`.`ID` = `u`.`APPROVED_BY`)) AS `APPROVED_BY`,`a`.`ID` AS `ACCOUNT_ID`,`a`.`ACCOUNT_NUMBER` AS `ACCOUNT_NUMBER`,`a`.`BALANCE` AS `BALANCE` from (`users` `u` left join `accounts` `a` on((`u`.`ID` = `a`.`USER`))) where (`u`.`USER_TYPE` <> 'S') */;
/*!50001 SET character_set_client      = @saved_cs_client */;
/*!50001 SET character_set_results     = @saved_cs_results */;
/*!50001 SET collation_connection      = @saved_col_connection */;
/*!40103 SET TIME_ZONE=@OLD_TIME_ZONE */;

/*!40101 SET SQL_MODE=@OLD_SQL_MODE */;
/*!40014 SET FOREIGN_KEY_CHECKS=@OLD_FOREIGN_KEY_CHECKS */;
/*!40014 SET UNIQUE_CHECKS=@OLD_UNIQUE_CHECKS */;
/*!40101 SET CHARACTER_SET_CLIENT=@OLD_CHARACTER_SET_CLIENT */;
/*!40101 SET CHARACTER_SET_RESULTS=@OLD_CHARACTER_SET_RESULTS */;
/*!40101 SET COLLATION_CONNECTION=@OLD_COLLATION_CONNECTION */;
/*!40111 SET SQL_NOTES=@OLD_SQL_NOTES */;

-- Dump completed on 2015-12-08  5:25:10
